{"access_token":"ya29.A0ARrdaM8K4Lw941QraLf-h-j5OsJC6rVNw0nZgTH9oZaVLXP0MKNfFul5qYPpiDVNNkJkGlR-XqyI8pIeJUy1rLb3kZjsF_nHpTaETwLpW3wNTmJVRwpZIt3jWmccVf_-jWeXfHoYWT0p6tDZgzouvUlaH1Wx","refresh_token":"1//0gtVWHAKZA0qRCgYIARAAGBASNwF-L9IrHrvxpL-B7JozzvdfwmUG1knnbHbyQNAOvWLCYwaTyUJkYhlLeOX8Iw1zNmQNQanrFMc","scope":"https://www.googleapis.com/auth/drive.appdata https://www.googleapis.com/auth/drive.file https://www.googleapis.com/auth/spreadsheets https://mail.google.com/ https://www.googleapis.com/auth/gmail.compose https://www.googleapis.com/auth/drive","token_type":"Bearer","expiry_date":1652633755549}